Quantity,Name,Edition Code
1,Unsummon,m20
1,Waterfront District,snc
9,Swamp,m20
9,Island,m20
1,Rise from the Tides,soi
1,Demon of Loathing,thb
1,Drunau Corpse Trawler,soi
1,Gravedigger,m20
1,Lord of the Accursed,akh
1,Crush Dissent,war
1,Crush Dissent,war
1,Agonizing Syphon,m20
1,Headless Rider,vow
2,Fell Stinger,vow
2,Walking Corpse,m21
1,Disfigure,m20
1,Sleep Paralysis,m20
1,Drownyard Amalgam,mid
1,Mind Stone,pw21
1,Befuddle,m20
1,Skaab Goliath,cmr
2,Murder,m20
1,Lazotep Plating,war
1,Disentomb,m13
2,Befuddle,dom
1,Stitched Drake,ddq
1,Feed the Serpent,khm
1,Eternal of Harsh Truths,hou
1,Claustrophobia,ori
1,Dreadhorde Invasion,war
1,Ultimate Price,f15
1,Claustrophobia,ima
1,Claustrophobia,ori
4,Bladestitched Skaab,mid
